{
    "normals":[-1,0,0,-0.707083,0.707083,0,1,0,0,0.707083,0.707083,0],
    "name":"Plane.017Geometry",
    "vertices":[30.3001,-22.9869,-21.4372,30.3001,-29.7123,-21.4372,30.3001,-22.9869,0.403596,30.3001,-29.7123,0.403596,22.5626,-22.9869,0.403594,22.5626,-29.7123,0.403594,22.5626,-22.9869,-21.4372,22.5626,-29.7123,-21.4372],
    "uvs":[[0.006145,0.882481,0.008898,0.18138,0.991102,0.181379,0.988348,0.882481,0.008398,0.949144,0.008398,0.090417,0.991602,0.090417,0.991602,0.949144]],
    "faces":[41,0,1,3,2,0,1,2,3,0,1,1,0,41,4,5,7,6,4,5,6,7,2,3,3,2,41,1,7,5,3,1,6,5,2,1,3,3,1],
    "metadata":{
        "normals":4,
        "type":"Geometry",
        "vertices":8,
        "version":3,
        "uvs":1,
        "faces":3,
        "generator":"io_three"
    }
}